{
  "BN_2": {
    "CL_20": 0.00002108019143345024,
    "CL_40": 0.000041816180701944253,
    "CL_60": 0.000060311002710997556,
    "CL_80": 0.00007939474709888935,
    "CL_100": 0.00010474260024846205
  },
  "BN_4": {
    "CL_10": 0.000029864169686797475,
    "CL_20": 0.00005271004908316734,
    "CL_30": 0.00007351046263399415,
    "CL_40": 0.0000982823714811249,
    "CL_50": 0.0001232025501937078
  },
  "BN_8": {
    "CL_5": 0.00003259576221140074,
    "CL_10": 0.00005704489839303221,
    "CL_15": 0.00007970318686684481,
    "CL_20": 0.00009976521255960843,
    "CL_25": 0.00012327626681996195
  },
  "BN_16": {
    "CL_4": 0.00004588859124582231,
    "CL_8": 0.00007073178567110054,
    "CL_12": 0.00010336638871791338,
    "CL_16": 0.0001283528666796606,
    "CL_20": 0.00015655503697067222
  }
}