{
  "BN_2": {
    "CL_20": 0.00008057297953375737,
    "CL_40": 0.00014331411197852345,
    "CL_60": 0.00020663649240847674,
    "CL_80": 0.0002672558142452612,
    "CL_100": 0.0003255944431842566
  },
  "BN_4": {
    "CL_20": 0.00009462967202374071,
    "CL_40": 0.00016464032759434493,
    "CL_60": 0.00023374171110499665,
    "CL_80": 0.00029143247211506606,
    "CL_100": 0.00035856027665689814
  },
  "BN_8": {
    "CL_20": 0.00012389290861437069,
    "CL_40": 0.00019094988662041865,
    "CL_60": 0.0002575530613645939,
    "CL_80": 0.0003174692768124708,
    "CL_100": 0.00037982616178462784
  },
  "BN_16": {
    "CL_20": 0.00017719540497623153,
    "CL_40": 0.00024773633066822444,
    "CL_60": 0.0003193889063275299,
    "CL_80": 0.00038163766350668546,
    "CL_100": 0.00044550556272005226
  }
}