{
  "BN_2": {
    "CL_20": 0.0000883383021040247,
    "CL_40": 0.0001390856175874227,
    "CL_60": 0.00022466276866245545,
    "CL_80": 0.00027084862990976185,
    "CL_100": 0.00034304066925523063
  },
  "BN_4": {
    "CL_10": 0.00009653044301963655,
    "CL_20": 0.0001614608136682407,
    "CL_30": 0.00023218824665000972,
    "CL_40": 0.00029969729514512934,
    "CL_50": 0.00035946238528845203
  },
  "BN_8": {
    "CL_5": 0.00018290208678425684,
    "CL_10": 0.0002482955185192368,
    "CL_15": 0.00031137459016354277,
    "CL_20": 0.00040441502817890364,
    "CL_25": 0.00047043461316668116
  },
  "BN_16": {
    "CL_4": 0.0006240520604745752,
    "CL_8": 0.0006669627405673527,
    "CL_12": 0.0007513906761346096,
    "CL_16": 0.0008145339283431233,
    "CL_20": 0.0008672214691147719
  }
}