{
  "BN_2": {
    "CL_20": 0.00002229268683573872,
    "CL_40": 0.00004010265436306774,
    "CL_60": 0.000058998413934524495,
    "CL_80": 0.0000773193592344922,
    "CL_100": 0.00009545486143409288
  },
  "BN_4": {
    "CL_20": 0.000024695645498739814,
    "CL_40": 0.0000463400649845735,
    "CL_60": 0.00006696566417621138,
    "CL_80": 0.00008919064334428108,
    "CL_100": 0.00011966442910563016
  },
  "BN_8": {
    "CL_20": 0.00003455861199363631,
    "CL_40": 0.00006376126477308341,
    "CL_60": 0.00008701694645808803,
    "CL_80": 0.00011002391289646314,
    "CL_100": 0.00013733544689266457
  },
  "BN_16": {
    "CL_20": 0.00005301986705255496,
    "CL_40": 0.00008525461221740414,
    "CL_60": 0.00012161147324314126,
    "CL_80": 0.00015528292837835062,
    "CL_100": 0.00019863217303961038
  }
}