{
  "BN_2": {
    "CL_20": 0.000009519634013708302,
    "CL_40": 0.000017358085657077567,
    "CL_60": 0.000024736579749191652,
    "CL_80": 0.000032231021573977715,
    "CL_100": 0.00004037425022501192
  },
  "BN_4": {
    "CL_10": 0.00001402283295121557,
    "CL_20": 0.000025202851324231657,
    "CL_30": 0.000037280285539036374,
    "CL_40": 0.000049362240813266313,
    "CL_50": 0.0000613387490672106
  },
  "BN_8": {
    "CL_5": 0.000015596393864262342,
    "CL_10": 0.000026259888956429193,
    "CL_15": 0.00003724160395556203,
    "CL_20": 0.000050580529751084234,
    "CL_25": 0.000061017381283417825
  },
  "BN_16": {
    "CL_4": 0.000023163467399533497,
    "CL_8": 0.00003689577482583527,
    "CL_12": 0.00005276200556067702,
    "CL_16": 0.00006994409418015913,
    "CL_20": 0.00008631000104019173
  }
}