{
  "BN_2": {
    "CL_20": 0.00007334203270724883,
    "CL_40": 0.00013105244721956267,
    "CL_60": 0.00019357419940879805,
    "CL_80": 0.00025059507358988884,
    "CL_100": 0.00031519971571926825
  },
  "BN_4": {
    "CL_10": 0.00008422254543795708,
    "CL_20": 0.00015370866055837863,
    "CL_30": 0.00021668710226468307,
    "CL_40": 0.00028324529902529905,
    "CL_50": 0.00034446132423490483
  },
  "BN_8": {
    "CL_5": 0.00018250527992667864,
    "CL_10": 0.0002347599475730967,
    "CL_15": 0.00029455823896427366,
    "CL_20": 0.00036696706980216486,
    "CL_25": 0.00046635961694555086
  },
  "BN_16": {
    "CL_4": 0.0005631449748082377,
    "CL_8": 0.0005800788731202512,
    "CL_12": 0.0006366336996336993,
    "CL_16": 0.0007020700694564694,
    "CL_20": 0.0008227177763082791
  }
}